<?xml version="1.0" encoding="UTF-8" standalone="no"?>
<!-- Generated Dec 26, 2018 6:59:18 PM by Hibernate Tools 5.1.10.Final --><!DOCTYPE hibernate-mapping PUBLIC "-//Hibernate/Hibernate Mapping DTD 3.0//EN" "http://www.hibernate.org/dtd/hibernate-mapping-3.0.dtd">
<hibernate-mapping auto-import="true" default-access="property" default-cascade="none" default-lazy="true">
    <class catalog="inventory_management" dynamic-insert="false" dynamic-update="false" mutable="true" name="inventory.model.History" optimistic-lock="version" polymorphism="implicit" select-before-update="false" table="history">
        <id name="id" type="java.lang.Integer">
            <column name="ID"/>
            <generator class="identity"/>
        </id>
        <many-to-one class="inventory.model.ProductInfo" embed-xml="true" fetch="select" insert="true" name="productInfo" not-found="exception" optimistic-lock="true" unique="false" update="true">
            <column name="PRODUCT_ID" not-null="true"/>
        </many-to-one>
        <property generated="never" lazy="false" name="actionName" optimistic-lock="true" type="string" unique="false">
            <column length="100" name="ACTION_NAME" not-null="true"/>
        </property>
        <property generated="never" lazy="false" name="type" optimistic-lock="true" type="int" unique="false">
            <column name="TYPE" not-null="true"/>
        </property>
        <property generated="never" lazy="false" name="qty" optimistic-lock="true" type="int" unique="false">
            <column name="QTY" not-null="true"/>
        </property>
        <property generated="never" lazy="false" name="price" optimistic-lock="true" type="big_decimal" unique="false">
            <column name="PRICE" not-null="true" precision="15"/>
        </property>
        <property generated="never" lazy="false" name="activeFlag" optimistic-lock="true" type="int" unique="false">
            <column name="ACTIVE_FLAG" not-null="true"/>
        </property>
        <property generated="never" lazy="false" name="createDate" optimistic-lock="true" type="timestamp" unique="false">
            <column length="19" name="CREATE_DATE" not-null="true"/>
        </property>
        <property generated="never" lazy="false" name="updateDate" optimistic-lock="true" type="timestamp" unique="false">
            <column length="19" name="UPDATE_DATE" not-null="true"/>
        </property>
    </class>
</hibernate-mapping>
