<?xml version="1.0" encoding="UTF-8" standalone="no"?>
<!-- Generated Dec 26, 2018 6:59:18 PM by Hibernate Tools 5.1.10.Final --><!DOCTYPE hibernate-mapping PUBLIC "-//Hibernate/Hibernate Mapping DTD 3.0//EN" "http://www.hibernate.org/dtd/hibernate-mapping-3.0.dtd">
<hibernate-mapping auto-import="true" default-access="property" default-cascade="none" default-lazy="true">
    <class catalog="inventory_management" dynamic-insert="false" dynamic-update="false" mutable="true" name="inventory.model.Role" optimistic-lock="version" polymorphism="implicit" select-before-update="false" table="role">
        <id name="id" type="java.lang.Integer">
            <column name="ID"/>
            <generator class="identity"/>
        </id>
        <property generated="never" lazy="false" name="roleName" optimistic-lock="true" type="string" unique="false">
            <column length="50" name="ROLE_NAME" not-null="true"/>
        </property>
        <property generated="never" lazy="false" name="description" optimistic-lock="true" type="string" unique="false">
            <column length="200" name="DESCRIPTION" not-null="true"/>
        </property>
        <property generated="never" lazy="false" name="activeFlag" optimistic-lock="true" type="int" unique="false">
            <column name="ACTIVE_FLAG" not-null="true"/>
        </property>
        <property generated="never" lazy="false" name="createDate" optimistic-lock="true" type="timestamp" unique="false">
            <column length="19" name="CREATE_DATE" not-null="true"/>
        </property>
        <property generated="never" lazy="false" name="updateDate" optimistic-lock="true" type="timestamp" unique="false">
            <column length="19" name="UPDATE_DATE" not-null="true"/>
        </property>
        <set embed-xml="true" fetch="select" inverse="true" lazy="true" mutable="true" name="auths" optimistic-lock="true" sort="unsorted" table="auth">
            <key on-delete="noaction">
                <column name="ROLE_ID" not-null="true"/>
            </key>
            <one-to-many class="inventory.model.Auth" embed-xml="true" not-found="exception"/>
        </set>
        <set embed-xml="true" fetch="select" inverse="true" lazy="true" mutable="true" name="userRoles" optimistic-lock="true" sort="unsorted" table="user_role">
            <key on-delete="noaction">
                <column name="ROLE_ID" not-null="true"/>
            </key>
            <one-to-many class="inventory.model.UserRole" embed-xml="true" not-found="exception"/>
        </set>
    </class>
</hibernate-mapping>
